"Handle","Title","Image Src","Image Position","Option1 Name","Option1 Value","Variant Price","Variant Grams","Variant Weight Unit","Variant Inventory Policy","Variant Fulfillment Service","Status","Variant SKU","Variant Inventory Qty","Variant Inventory Tracker","Body (HTML)","Vendor","Type","Tags","Published","Option2 Name","Option2 Value","Option3 Name","Option3 Value","Variant Compare At Price","Variant Requires Shipping","Variant Taxable","Variant Barcode","Image Alt Text","Gift Card","SEO Title","SEO Description","Google Shopping / Google Product Category","Google Shopping / Gender","Google Shopping / Age Group","Google Shopping / MPN","Google Shopping / AdWords Grouping","Google Shopping / AdWords Labels","Google Shopping / Condition","Google Shopping / Custom Product","Google Shopping / Custom Label 0","Google Shopping / Custom Label 1","Google Shopping / Custom Label 2","Google Shopping / Custom Label 3","Google Shopping / Custom Label 4","Variant Image","Variant Tax Code","Cost per item"
"conjunto-banhado-a-ouro-18k-com-sodalita","CONJUNTO BANHADO A OURO 18K COM SODALITA","https://lobitypi.sirv.com/store_images/possebon/8880565BRILHO-min.jpg","1","","","0","25","kg","deny","manual","draft","8880565BRILHO","2","shopify","<p>O <strong>CONJUNTO BANHADO A OURO 18K COM SODALITA</strong> É UMA ÓTIMA OPÇÃO PARA MULHERES QUE AMAM ACESSÓRIOS. UMA PEÇA SUPER DELICADA E CHEIA DE CHARME. SUA COR É UM DIFERENCIAL, POIS PERMITE QUE VOCÊ COMBINE DE DIVERSAS FORMAS.</p> <p> </p> <p>BANHO: OURO 18K</p> <p>TAMANHO: 43cm</p> <p>PEDRAS: SODALITA</p> <p> </p> <p>TODAS AS NOSSAS PEÇAS SÃO HIPOALERGÊNICAS, 100% LIVRES DE NÍQUEL E CHUMBO EM SUA COMPOSIÇÃO.</p> <p> </p> <p>TODAS AS PEDRAS SÃO CRAVADAS MANUALMENTE.</p> <p> </p> <p>SÓ UM DETALHE: AS PEDRAS NATURAIS PODEM APRESENTAR INCLUSÕES E VARIAÇÕES DE CORES. TAIS CARACTERÍSTICAS AS TORNAM ÚNICAS E BELAS.</p> <p> </p> <p>OFERECEMOS GARANTIA DE 6 MESES PARA O BANHO.</p> <p> </p> <p>FRETE SIMPLIFICADO:</p> <p> </p> <p>- REGIÃO SUL: R$ 18,00</p> <p>- REGIÃO SUDESTE: R$ 15,00</p> <p>- REGIÃO CENTRO-OESTE: R$ 20,00</p> <p>- REGIÃO NORDESTE: R$ 25,00</p> <p>- REGIÃO NORTE: R$ 28,00</p> <p> </p> <p>PRODUTO A PRONTA ENTREGA</p>","","","","","","","","","","","","","","","","","","","","","","","","","","","","","","","",""
"conjunto-banhado-a-ouro-18k-com-sodalita","","https://lobitypi.sirv.com/store_images/possebon/8880565BRILHOB-min.jpg","2","","","","","","","","","","","","","","","","","","","","","","","","","","","","","","","","","","","","","","","","","","","",""
"conjunto-banhado-a-ouro-18k-com-sodalita","","https://lobitypi.sirv.com/store_images/possebon/8880565BRILHOA-min.jpg","3","","","","","","","","","","","","","","","","","","","","","","","","","","","","","","","","","","","","","","","","","","","",""
"conjunto-banhado-a-ouro-18k-com-agata-verde","CONJUNTO BANHADO A OURO 18K COM AGATA VERDE","https://lobitypi.sirv.com/store_images/possebon/8881568-min.jpg","1","","","0","25","kg","deny","manual","draft","8881568","2","shopify","<p>O <strong>CONJUNTO BANHADO A OURO 18K COM AGATA VERDE</strong> É UMA ÓTIMA OPÇÃO PARA MULHERES QUE AMAM ACESSÓRIOS. UMA PEÇA SUPER DELICADA E CHEIA DE CHARME. SUA COR É UM DIFERENCIAL, POIS PERMITE QUE VOCÊ COMBINE DE DIVERSAS FORMAS.</p> <p> </p> <p>BANHO: OURO 18K</p> <p>TAMANHO: 43cm</p> <p>PEDRAS: AGATA VERDE</p> <p> </p> <p>TODAS AS NOSSAS PEÇAS SÃO HIPOALERGÊNICAS, 100% LIVRES DE NÍQUEL E CHUMBO EM SUA COMPOSIÇÃO.</p> <p> </p> <p>TODAS AS PEDRAS SÃO CRAVADAS MANUALMENTE.</p> <p> </p> <p>SÓ UM DETALHE: AS PEDRAS NATURAIS PODEM APRESENTAR INCLUSÕES E VARIAÇÕES DE CORES. TAIS CARACTERÍSTICAS AS TORNAM ÚNICAS E BELAS.</p> <p> </p> <p>OFERECEMOS GARANTIA DE 6 MESES PARA O BANHO.</p> <p> </p> <p>FRETE SIMPLIFICADO:</p> <p> </p> <p>- REGIÃO SUL: R$ 18,00</p> <p>- REGIÃO SUDESTE: R$ 15,00</p> <p>- REGIÃO CENTRO-OESTE: R$ 20,00</p> <p>- REGIÃO NORDESTE: R$ 25,00</p> <p>- REGIÃO NORTE: R$ 28,00</p> <p> </p> <p>PRODUTO A PRONTA ENTREGA</p>","","","","","","","","","","","","","","","","","","","","","","","","","","","","","","","",""
"conjunto-banhado-a-ouro-18k-com-agata-verde","","https://lobitypi.sirv.com/store_images/possebon/8881568A-min.jpg","2","","","","","","","","","","","","","","","","","","","","","","","","","","","","","","","","","","","","","","","","","","","",""
"conjunto-banhado-a-ouro-18k-com-agata-verde","","https://lobitypi.sirv.com/store_images/possebon/8881568B-min.jpg","3","","","","","","","","","","","","","","","","","","","","","","","","","","","","","","","","","","","","","","","","","","","",""
"conjunto-banhado-a-ouro-18k-com-quartzo-rosa-2","CONJUNTO BANHADO A OURO 18K COM QUARTZO ROSA","https://lobitypi.sirv.com/store_images/possebon/8882457-min.jpg","1","","","0","25","kg","deny","manual","draft","8882457","1","shopify","<p>O <strong>CONJUNTO BANHADO A OURO 18K COM QUARTZO ROSA</strong> É UMA ÓTIMA OPÇÃO PARA MULHERES QUE AMAM ACESSÓRIOS. UMA PEÇA SUPER DELICADA E CHEIA DE CHARME. SUA COR É UM DIFERENCIAL, POIS PERMITE QUE VOCÊ COMBINE DE DIVERSAS FORMAS.</p> <p> </p> <p>BANHO: OURO 18K</p> <p>TAMANHO: 43cm</p> <p>PEDRAS: QUARTZO ROSA</p> <p> </p> <p>TODAS AS NOSSAS PEÇAS SÃO HIPOALERGÊNICAS, 100% LIVRES DE NÍQUEL E CHUMBO EM SUA COMPOSIÇÃO.</p> <p> </p> <p>TODAS AS PEDRAS SÃO CRAVADAS MANUALMENTE.</p> <p> </p> <p>SÓ UM DETALHE: AS PEDRAS NATURAIS PODEM APRESENTAR INCLUSÕES E VARIAÇÕES DE CORES. TAIS CARACTERÍSTICAS AS TORNAM ÚNICAS E BELAS.</p> <p> </p> <p>OFERECEMOS GARANTIA DE 6 MESES PARA O BANHO.</p> <p> </p> <p>FRETE SIMPLIFICADO:</p> <p> </p> <p>- REGIÃO SUL: R$ 18,00</p> <p>- REGIÃO SUDESTE: R$ 15,00</p> <p>- REGIÃO CENTRO-OESTE: R$ 20,00</p> <p>- REGIÃO NORDESTE: R$ 25,00</p> <p>- REGIÃO NORTE: R$ 28,00</p> <p> </p> <p>PRODUTO A PRONTA ENTREGA</p>","","","","","","","","","","","","","","","","","","","","","","","","","","","","","","","",""
"conjunto-banhado-a-ouro-18k-com-quartzo-rosa-2","","https://lobitypi.sirv.com/store_images/possebon/8882457A-min.jpg","2","","","","","","","","","","","","","","","","","","","","","","","","","","","","","","","","","","","","","","","","","","","",""
"conjunto-banhado-a-ouro-18k-com-mosaico-madreperola","CONJUNTO BANHADO A OURO 18K COM MOSAICO MADREPÉROLA","https://lobitypi.sirv.com/store_images/possebon/8882463-min.jpg","1","","","0","25","kg","deny","manual","draft","8882463","3","shopify","<p>O <strong>CONJUNTO BANHADO A OURO 18K COM MOSAICO MADREPÉROLA</strong> É UMA ÓTIMA OPÇÃO PARA MULHERES QUE AMAM ACESSÓRIOS. UMA PEÇA SUPER DELICADA E CHEIA DE CHARME. SUA COR É UM DIFERENCIAL, POIS PERMITE QUE VOCÊ COMBINE DE DIVERSAS FORMAS.</p> <p> </p> <p>BANHO: OURO 18K</p> <p>TAMANHO: 43cm</p> <p>PEDRAS: MADREPÉROLA</p> <p> </p> <p>TODAS AS NOSSAS PEÇAS SÃO HIPOALERGÊNICAS, 100% LIVRES DE NÍQUEL E CHUMBO EM SUA COMPOSIÇÃO.</p> <p> </p> <p>TODAS AS PEDRAS SÃO CRAVADAS MANUALMENTE.</p> <p> </p> <p>SÓ UM DETALHE: AS PEDRAS NATURAIS PODEM APRESENTAR INCLUSÕES E VARIAÇÕES DE CORES. TAIS CARACTERÍSTICAS AS TORNAM ÚNICAS E BELAS.</p> <p> </p> <p>OFERECEMOS GARANTIA DE 6 MESES PARA O BANHO.</p> <p> </p> <p>FRETE SIMPLIFICADO:</p> <p> </p> <p>- REGIÃO SUL: R$ 18,00</p> <p>- REGIÃO SUDESTE: R$ 15,00</p> <p>- REGIÃO CENTRO-OESTE: R$ 20,00</p> <p>- REGIÃO NORDESTE: R$ 25,00</p> <p>- REGIÃO NORTE: R$ 28,00</p> <p> </p> <p>PRODUTO A PRONTA ENTREGA</p>","","","","","","","","","","","","","","","","","","","","","","","","","","","","","","","",""
"conjunto-banhado-a-ouro-18k-com-mosaico-madreperola","","https://lobitypi.sirv.com/store_images/possebon/8882463A-min.jpg","2","","","","","","","","","","","","","","","","","","","","","","","","","","","","","","","","","","","","","","","","","","","",""
"conjunto-banhado-a-ouro-18k-com-quartzo-rosa","CONJUNTO BANHADO A OURO 18K COM QUARTZO ROSA","https://lobitypi.sirv.com/store_images/possebon/8882466A-min.jpg","1","","","0","25","kg","deny","manual","draft","8882466","1","shopify","<p>O <strong>CONJUNTO BANHADO A OURO 18K COM QUARTZO ROSA</strong> É UMA ÓTIMA OPÇÃO PARA MULHERES QUE AMAM ACESSÓRIOS. UMA PEÇA SUPER DELICADA E CHEIA DE CHARME. SUA COR É UM DIFERENCIAL, POIS PERMITE QUE VOCÊ COMBINE DE DIVERSAS FORMAS.</p> <p> </p> <p>BANHO: OURO 18K</p> <p>TAMANHO: 43cm</p> <p>PEDRAS: QUARTZO ROSA</p> <p> </p> <p>TODAS AS NOSSAS PEÇAS SÃO HIPOALERGÊNICAS, 100% LIVRES DE NÍQUEL E CHUMBO EM SUA COMPOSIÇÃO.</p> <p> </p> <p>TODAS AS PEDRAS SÃO CRAVADAS MANUALMENTE.</p> <p> </p> <p>SÓ UM DETALHE: AS PEDRAS NATURAIS PODEM APRESENTAR INCLUSÕES E VARIAÇÕES DE CORES. TAIS CARACTERÍSTICAS AS TORNAM ÚNICAS E BELAS.</p> <p> </p> <p>OFERECEMOS GARANTIA DE 6 MESES PARA O BANHO.</p> <p> </p> <p>FRETE SIMPLIFICADO:</p> <p> </p> <p>- REGIÃO SUL: R$ 18,00</p> <p>- REGIÃO SUDESTE: R$ 15,00</p> <p>- REGIÃO CENTRO-OESTE: R$ 20,00</p> <p>- REGIÃO NORDESTE: R$ 25,00</p> <p>- REGIÃO NORTE: R$ 28,00</p> <p> </p> <p>PRODUTO A PRONTA ENTREGA</p>","","","","","","","","","","","","","","","","","","","","","","","","","","","","","","","",""
"conjunto-banhado-a-ouro-18k-com-quartzo-rosa","","https://lobitypi.sirv.com/store_images/possebon/8882466B-min.jpg","2","","","","","","","","","","","","","","","","","","","","","","","","","","","","","","","","","","","","","","","","","","","",""
"conjunto-banhado-a-ouro-18k-com-quartzo-rosa","","https://lobitypi.sirv.com/store_images/possebon/8882466-min.jpg","3","","","","","","","","","","","","","","","","","","","","","","","","","","","","","","","","","","","","","","","","","","","",""
"conjunto-banhado-a-ouro-18k-com-madreperola","CONJUNTO BANHADO A OURO 18K COM MADREPÉROLA","https://lobitypi.sirv.com/store_images/possebon/8882468-min.jpg","1","","","0","25","kg","deny","manual","draft","8882468","1","shopify","<p>O <strong>CONJUNTO BANHADO A OURO 18K COM MADREPÉROLA</strong> É UMA ÓTIMA OPÇÃO PARA MULHERES QUE AMAM ACESSÓRIOS. UMA PEÇA SUPER DELICADA E CHEIA DE CHARME. SUA COR É UM DIFERENCIAL, POIS PERMITE QUE VOCÊ COMBINE DE DIVERSAS FORMAS.</p> <p> </p> <p>BANHO: OURO 18K</p> <p>TAMANHO: 43cm</p> <p>PEDRAS: MADREPÉROLA</p> <p> </p> <p>TODAS AS NOSSAS PEÇAS SÃO HIPOALERGÊNICAS, 100% LIVRES DE NÍQUEL E CHUMBO EM SUA COMPOSIÇÃO.</p> <p> </p> <p>TODAS AS PEDRAS SÃO CRAVADAS MANUALMENTE.</p> <p> </p> <p>SÓ UM DETALHE: AS PEDRAS NATURAIS PODEM APRESENTAR INCLUSÕES E VARIAÇÕES DE CORES. TAIS CARACTERÍSTICAS AS TORNAM ÚNICAS E BELAS.</p> <p> </p> <p>OFERECEMOS GARANTIA DE 6 MESES PARA O BANHO.</p> <p> </p> <p>FRETE SIMPLIFICADO:</p> <p> </p> <p>- REGIÃO SUL: R$ 18,00</p> <p>- REGIÃO SUDESTE: R$ 15,00</p> <p>- REGIÃO CENTRO-OESTE: R$ 20,00</p> <p>- REGIÃO NORDESTE: R$ 25,00</p> <p>- REGIÃO NORTE: R$ 28,00</p> <p> </p> <p>PRODUTO A PRONTA ENTREGA</p>","","","","","","","","","","","","","","","","","","","","","","","","","","","","","","","",""
"conjunto-banhado-a-ouro-18k-com-madreperola","","https://lobitypi.sirv.com/store_images/possebon/8882468A-min.jpg","2","","","","","","","","","","","","","","","","","","","","","","","","","","","","","","","","","","","","","","","","","","","",""
"conjunto-banhado-a-ouro-18k-com-agata-azul-ceu","CONJUNTO BANHADO A OURO 18K COM AGATA AZUL CÉU","https://lobitypi.sirv.com/store_images/possebon/8883561A-min.jpg","1","","","0","25","kg","deny","manual","draft","8883561","2","shopify","<p>O <strong>CONJUNTO BANHADO A OURO 18K COM AGATA AZUL CÉU</strong> É UMA ÓTIMA OPÇÃO PARA MULHERES QUE AMAM ACESSÓRIOS. UMA PEÇA SUPER DELICADA E CHEIA DE CHARME. SUA COR É UM DIFERENCIAL, POIS PERMITE QUE VOCÊ COMBINE DE DIVERSAS FORMAS.</p> <p> </p> <p>BANHO: OURO 18K</p> <p>TAMANHO: 43cm</p> <p>PEDRAS: AGATA AZUL CÉU</p> <p> </p> <p>TODAS AS NOSSAS PEÇAS SÃO HIPOALERGÊNICAS, 100% LIVRES DE NÍQUEL E CHUMBO EM SUA COMPOSIÇÃO.</p> <p> </p> <p>TODAS AS PEDRAS SÃO CRAVADAS MANUALMENTE.</p> <p> </p> <p>SÓ UM DETALHE: AS PEDRAS NATURAIS PODEM APRESENTAR INCLUSÕES E VARIAÇÕES DE CORES. TAIS CARACTERÍSTICAS AS TORNAM ÚNICAS E BELAS.</p> <p> </p> <p>OFERECEMOS GARANTIA DE 6 MESES PARA O BANHO.</p> <p> </p> <p>FRETE SIMPLIFICADO:</p> <p> </p> <p>- REGIÃO SUL: R$ 18,00</p> <p>- REGIÃO SUDESTE: R$ 15,00</p> <p>- REGIÃO CENTRO-OESTE: R$ 20,00</p> <p>- REGIÃO NORDESTE: R$ 25,00</p> <p>- REGIÃO NORTE: R$ 28,00</p> <p> </p> <p>PRODUTO A PRONTA ENTREGA</p>","","","","","","","","","","","","","","","","","","","","","","","","","","","","","","","",""
"conjunto-banhado-a-ouro-18k-com-agata-azul-ceu","","https://lobitypi.sirv.com/store_images/possebon/8883561-min.jpg","2","","","","","","","","","","","","","","","","","","","","","","","","","","","","","","","","","","","","","","","","","","","",""
"conjunto-banhado-a-ouro-18k-com-agata-vermelha","CONJUNTO BANHADO A OURO 18K COM AGATA VERMELHA","https://lobitypi.sirv.com/store_images/possebon/8883586C-min.jpg","1","","","0","25","kg","deny","manual","draft","8883586M","1","shopify","<p>O <strong>CONJUNTO BANHADO A OURO 18K COM AGATA VERMELHA</strong> É UMA ÓTIMA OPÇÃO PARA MULHERES QUE AMAM ACESSÓRIOS. UMA PEÇA SUPER DELICADA E CHEIA DE CHARME. SUA COR É UM DIFERENCIAL, POIS PERMITE QUE VOCÊ COMBINE DE DIVERSAS FORMAS.</p> <p> </p> <p>BANHO: OURO 18K</p> <p>TAMANHO: 43cm</p> <p>PEDRAS: AGATA VERMELHA</p> <p> </p> <p>TODAS AS NOSSAS PEÇAS SÃO HIPOALERGÊNICAS, 100% LIVRES DE NÍQUEL E CHUMBO EM SUA COMPOSIÇÃO.</p> <p> </p> <p>TODAS AS PEDRAS SÃO CRAVADAS MANUALMENTE.</p> <p> </p> <p>SÓ UM DETALHE: AS PEDRAS NATURAIS PODEM APRESENTAR INCLUSÕES E VARIAÇÕES DE CORES. TAIS CARACTERÍSTICAS AS TORNAM ÚNICAS E BELAS.</p> <p> </p> <p>OFERECEMOS GARANTIA DE 6 MESES PARA O BANHO.</p> <p> </p> <p>FRETE SIMPLIFICADO:</p> <p> </p> <p>- REGIÃO SUL: R$ 18,00</p> <p>- REGIÃO SUDESTE: R$ 15,00</p> <p>- REGIÃO CENTRO-OESTE: R$ 20,00</p> <p>- REGIÃO NORDESTE: R$ 25,00</p> <p>- REGIÃO NORTE: R$ 28,00</p> <p> </p> <p>PRODUTO A PRONTA ENTREGA</p>","","","","","","","","","","","","","","","","","","","","","","","","","","","","","","","",""
"conjunto-banhado-a-ouro-18k-com-agata-vermelha","","https://lobitypi.sirv.com/store_images/possebon/8883586M-min.jpg","2","","","","","","","","","","","","","","","","","","","","","","","","","","","","","","","","","","","","","","","","","","","",""
"conjunto-banhado-a-ouro-18k-com-turmalina-negra","CONJUNTO BANHADO A OURO 18K COM TURMALINA NEGRA","https://lobitypi.sirv.com/store_images/possebon/8885515A-min.jpg","1","","","0","25","kg","deny","manual","draft","8885515","2","shopify","<p>O <strong>CONJUNTO BANHADO A OURO 18K COM TURMALINA NEGRA</strong> É UMA ÓTIMA OPÇÃO PARA MULHERES QUE AMAM ACESSÓRIOS. UMA PEÇA SUPER DELICADA E CHEIA DE CHARME. SUA COR É UM DIFERENCIAL, POIS PERMITE QUE VOCÊ COMBINE DE DIVERSAS FORMAS.</p> <p> </p> <p>BANHO: OURO 18K</p> <p>TAMANHO: 43cm</p> <p>PEDRAS: TURMALINA NEGRA</p> <p> </p> <p>TODAS AS NOSSAS PEÇAS SÃO HIPOALERGÊNICAS, 100% LIVRES DE NÍQUEL E CHUMBO EM SUA COMPOSIÇÃO.</p> <p> </p> <p>TODAS AS PEDRAS SÃO CRAVADAS MANUALMENTE.</p> <p> </p> <p>SÓ UM DETALHE: AS PEDRAS NATURAIS PODEM APRESENTAR INCLUSÕES E VARIAÇÕES DE CORES. TAIS CARACTERÍSTICAS AS TORNAM ÚNICAS E BELAS.</p> <p> </p> <p>OFERECEMOS GARANTIA DE 6 MESES PARA O BANHO.</p> <p> </p> <p>FRETE SIMPLIFICADO:</p> <p> </p> <p>- REGIÃO SUL: R$ 18,00</p> <p>- REGIÃO SUDESTE: R$ 15,00</p> <p>- REGIÃO CENTRO-OESTE: R$ 20,00</p> <p>- REGIÃO NORDESTE: R$ 25,00</p> <p>- REGIÃO NORTE: R$ 28,00</p> <p> </p> <p>PRODUTO A PRONTA ENTREGA</p>","","","","","","","","","","","","","","","","","","","","","","","","","","","","","","","",""
"conjunto-banhado-a-ouro-18k-com-turmalina-negra","","https://lobitypi.sirv.com/store_images/possebon/8885515-min.jpg","2","","","","","","","","","","","","","","","","","","","","","","","","","","","","","","","","","","","","","","","","","","","",""
"brinco-banhado-a-ouro-18k-com-perola-shell","BRINCO BANHADO A OURO 18K COM PÉROLA SHELL","https://lobitypi.sirv.com/store_images/possebon/8886980-min.jpg","1","","","999.99","25","kg","deny","manual","draft","8886980","-4","shopify","<p>O <strong>BRINCO BANHADO A OURO 18K COM PÉROLA SHELL</strong> É UMA ÓTIMA OPÇÃO PARA MULHERES QUE AMAM ACESSÓRIOS. UMA PEÇA SUPER DELICADA E CHEIA DE CHARME. SUA COR É UM DIFERENCIAL, POIS PERMITE QUE VOCÊ COMBINE DE DIVERSAS FORMAS.</p> <p> </p> <p>BANHO: OURO 18K</p> <p>TAMANHO: 2cm</p> <p>PEDRAS: PÉROLA SHELL</p> <p>FORMATO: REDONDO</p> <p> </p> <p>TODAS AS NOSSAS PEÇAS SÃO HIPOALERGÊNICAS, 100% LIVRES DE NÍQUEL E CHUMBO EM SUA COMPOSIÇÃO.</p> <p> </p> <p>TODAS AS PEDRAS SÃO CRAVADAS MANUALMENTE.</p> <p> </p> <p>SÓ UM DETALHE: AS PEDRAS NATURAIS PODEM APRESENTAR INCLUSÕES E VARIAÇÕES DE CORES. TAIS CARACTERÍSTICAS AS TORNAM ÚNICAS E BELAS.</p> <p> </p> <p>OFERECEMOS GARANTIA DE 6 MESES PARA O BANHO.</p> <p> </p> <p>FRETE SIMPLIFICADO:</p> <p> </p> <p>- REGIÃO SUL: R$ 18,00</p> <p>- REGIÃO SUDESTE: R$ 15,00</p> <p>- REGIÃO CENTRO-OESTE: R$ 20,00</p> <p>- REGIÃO NORDESTE: R$ 25,00</p> <p>- REGIÃO NORTE: R$ 28,00</p> <p> </p> <p>PRODUTO A PRONTA ENTREGA</p>","","","","","","","","","","","","","","","","","","","","","","","","","","","","","","","",""
"conjunto-banhado-a-ouro-18k-com-agata-preta","CONJUNTO BANHADO A OURO 18K COM AGATA PRETA","https://lobitypi.sirv.com/store_images/possebon/8889877PTO-min.jpg","1","","","0","25","kg","deny","manual","draft","8889877PTO","1","shopify","<p>O <strong>CONJUNTO BANHADO A OURO 18K COM AGATA PRETA</strong> É UMA ÓTIMA OPÇÃO PARA MULHERES QUE AMAM ACESSÓRIOS. UMA PEÇA SUPER DELICADA E CHEIA DE CHARME. SUA COR É UM DIFERENCIAL, POIS PERMITE QUE VOCÊ COMBINE DE DIVERSAS FORMAS.</p> <p> </p> <p>BANHO: OURO 18K</p> <p>TAMANHO: 43cm</p> <p>PEDRAS: AGATA PRETA</p> <p> </p> <p>TODAS AS NOSSAS PEÇAS SÃO HIPOALERGÊNICAS, 100% LIVRES DE NÍQUEL E CHUMBO EM SUA COMPOSIÇÃO.</p> <p> </p> <p>TODAS AS PEDRAS SÃO CRAVADAS MANUALMENTE.</p> <p> </p> <p>SÓ UM DETALHE: AS PEDRAS NATURAIS PODEM APRESENTAR INCLUSÕES E VARIAÇÕES DE CORES. TAIS CARACTERÍSTICAS AS TORNAM ÚNICAS E BELAS.</p> <p> </p> <p>OFERECEMOS GARANTIA DE 6 MESES PARA O BANHO.</p> <p> </p> <p>FRETE SIMPLIFICADO:</p> <p> </p> <p>- REGIÃO SUL: R$ 18,00</p> <p>- REGIÃO SUDESTE: R$ 15,00</p> <p>- REGIÃO CENTRO-OESTE: R$ 20,00</p> <p>- REGIÃO NORDESTE: R$ 25,00</p> <p>- REGIÃO NORTE: R$ 28,00</p> <p> </p> <p>PRODUTO A PRONTA ENTREGA</p>","","","","","","","","","","","","","","","","","","","","","","","","","","","","","","","",""
"conjunto-banhado-a-ouro-18k-com-tanzanita-roxa-fusion","CONJUNTO BANHADO A OURO 18K COM TANZANITA ROXA FUSION","https://lobitypi.sirv.com/store_images/redentora/9992474-min.jpg","1","","","0","25","kg","deny","manual","draft","9992474","1","shopify","<p>O <strong>CONJUNTO BANHADO A OURO 18K COM TANZANITA ROXA FUSION</strong> É UMA ÓTIMA OPÇÃO PARA MULHERES QUE AMAM ACESSÓRIOS. UMA PEÇA SUPER DELICADA E CHEIA DE CHARME. SUA COR É UM DIFERENCIAL, POIS PERMITE QUE VOCÊ COMBINE DE DIVERSAS FORMAS.</p> <p> </p> <p>BANHO: OURO 18K</p> <p>TAMANHO: 45cm</p> <p>PEDRAS: TANZANITA ROXA FUSION</p> <p> </p> <p>TODAS AS NOSSAS PEÇAS SÃO HIPOALERGÊNICAS, 100% LIVRES DE NÍQUEL E CHUMBO EM SUA COMPOSIÇÃO.</p> <p> </p> <p>TODAS AS PEDRAS SÃO CRAVADAS MANUALMENTE.</p> <p> </p> <p>SÓ UM DETALHE: AS PEDRAS NATURAIS PODEM APRESENTAR INCLUSÕES E VARIAÇÕES DE CORES. TAIS CARACTERÍSTICAS AS TORNAM ÚNICAS E BELAS.</p> <p> </p> <p>OFERECEMOS GARANTIA DE 6 MESES PARA O BANHO.</p> <p> </p> <p>FRETE SIMPLIFICADO:</p> <p> </p> <p>- REGIÃO SUL: R$ 18,00</p> <p>- REGIÃO SUDESTE: R$ 15,00</p> <p>- REGIÃO CENTRO-OESTE: R$ 20,00</p> <p>- REGIÃO NORDESTE: R$ 25,00</p> <p>- REGIÃO NORTE: R$ 28,00</p> <p> </p> <p>PRODUTO A PRONTA ENTREGA</p>","","","","","","","","","","","","","","","","","","","","","","","","","","","","","","","",""
"conjunto-banhado-a-ouro-18k-com-cristal-light-blue-fusion","CONJUNTO BANHADO A OURO 18K COM CRISTAL LIGHT BLUE FUSION","https://lobitypi.sirv.com/store_images/redentora/9992475-min.jpg","1","","","0","25","kg","deny","manual","draft","9992475","1","shopify","<p>O <strong>CONJUNTO BANHADO A OURO 18K COM CRISTAL LIGHT BLUE FUSION</strong> É UMA ÓTIMA OPÇÃO PARA MULHERES QUE AMAM ACESSÓRIOS. UMA PEÇA SUPER DELICADA E CHEIA DE CHARME. SUA COR É UM DIFERENCIAL, POIS PERMITE QUE VOCÊ COMBINE DE DIVERSAS FORMAS.</p> <p> </p> <p>BANHO: OURO 18K</p> <p>TAMANHO: 45cm</p> <p>PEDRAS: CRISTAL LIGHT BLUE FUSION</p> <p> </p> <p>TODAS AS NOSSAS PEÇAS SÃO HIPOALERGÊNICAS, 100% LIVRES DE NÍQUEL E CHUMBO EM SUA COMPOSIÇÃO.</p> <p> </p> <p>TODAS AS PEDRAS SÃO CRAVADAS MANUALMENTE.</p> <p> </p> <p>SÓ UM DETALHE: AS PEDRAS NATURAIS PODEM APRESENTAR INCLUSÕES E VARIAÇÕES DE CORES. TAIS CARACTERÍSTICAS AS TORNAM ÚNICAS E BELAS.</p> <p> </p> <p>OFERECEMOS GARANTIA DE 6 MESES PARA O BANHO.</p> <p> </p> <p>FRETE SIMPLIFICADO:</p> <p> </p> <p>- REGIÃO SUL: R$ 18,00</p> <p>- REGIÃO SUDESTE: R$ 15,00</p> <p>- REGIÃO CENTRO-OESTE: R$ 20,00</p> <p>- REGIÃO NORDESTE: R$ 25,00</p> <p>- REGIÃO NORTE: R$ 28,00</p> <p> </p> <p>PRODUTO A PRONTA ENTREGA</p>","","","","","","","","","","","","","","","","","","","","","","","","","","","","","","","",""
"conjunto-banhado-a-ouro-18k-com-cristal-light-blue-fusion-2","CONJUNTO BANHADO A OURO 18K COM CRISTAL LIGHT BLUE FUSION","https://lobitypi.sirv.com/store_images/redentora/9992476-min.jpg","1","","","0","25","kg","deny","manual","draft","9992476","1","shopify","<p>O <strong>CONJUNTO BANHADO A OURO 18K COM CRISTAL LIGHT BLUE FUSION</strong> É UMA ÓTIMA OPÇÃO PARA MULHERES QUE AMAM ACESSÓRIOS. UMA PEÇA SUPER DELICADA E CHEIA DE CHARME. SUA COR É UM DIFERENCIAL, POIS PERMITE QUE VOCÊ COMBINE DE DIVERSAS FORMAS.</p> <p> </p> <p>BANHO: OURO 18K</p> <p>TAMANHO: 45cm</p> <p>PEDRAS: CRISTAL LIGHT BLUE FUSION</p> <p> </p> <p>TODAS AS NOSSAS PEÇAS SÃO HIPOALERGÊNICAS, 100% LIVRES DE NÍQUEL E CHUMBO EM SUA COMPOSIÇÃO.</p> <p> </p> <p>TODAS AS PEDRAS SÃO CRAVADAS MANUALMENTE.</p> <p> </p> <p>SÓ UM DETALHE: AS PEDRAS NATURAIS PODEM APRESENTAR INCLUSÕES E VARIAÇÕES DE CORES. TAIS CARACTERÍSTICAS AS TORNAM ÚNICAS E BELAS.</p> <p> </p> <p>OFERECEMOS GARANTIA DE 6 MESES PARA O BANHO.</p> <p> </p> <p>FRETE SIMPLIFICADO:</p> <p> </p> <p>- REGIÃO SUL: R$ 18,00</p> <p>- REGIÃO SUDESTE: R$ 15,00</p> <p>- REGIÃO CENTRO-OESTE: R$ 20,00</p> <p>- REGIÃO NORDESTE: R$ 25,00</p> <p>- REGIÃO NORTE: R$ 28,00</p> <p> </p> <p>PRODUTO A PRONTA ENTREGA</p>","","","","","","","","","","","","","","","","","","","","","","","","","","","","","","","",""
"conjunto-banhado-a-ouro-18k-com-cristal-light-blue-fusion-3","CONJUNTO BANHADO A OURO 18K COM CRISTAL LIGHT BLUE FUSION","https://lobitypi.sirv.com/store_images/redentora/9992477-min.jpg","1","","","0","25000","kg","deny","manual","draft","9992477","1","shopify","<p>O <strong>CONJUNTO BANHADO A OURO 18K COM CRISTAL LIGHT BLUE FUSION</strong> É UMA ÓTIMA OPÇÃO PARA MULHERES QUE AMAM ACESSÓRIOS. UMA PEÇA SUPER DELICADA E CHEIA DE CHARME. SUA COR É UM DIFERENCIAL, POIS PERMITE QUE VOCÊ COMBINE DE DIVERSAS FORMAS.</p> <p> </p> <p>BANHO: OURO 18K</p> <p>TAMANHO: 45cm</p> <p>PEDRAS: CRISTAL LIGHT BLUE FUSION</p> <p> </p> <p>TODAS AS NOSSAS PEÇAS SÃO HIPOALERGÊNICAS, 100% LIVRES DE NÍQUEL E CHUMBO EM SUA COMPOSIÇÃO.</p> <p> </p> <p>TODAS AS PEDRAS SÃO CRAVADAS MANUALMENTE.</p> <p> </p> <p>SÓ UM DETALHE: AS PEDRAS NATURAIS PODEM APRESENTAR INCLUSÕES E VARIAÇÕES DE CORES. TAIS CARACTERÍSTICAS AS TORNAM ÚNICAS E BELAS.</p> <p> </p> <p>OFERECEMOS GARANTIA DE 6 MESES PARA O BANHO.</p> <p> </p> <p>FRETE SIMPLIFICADO:</p> <p> </p> <p>- REGIÃO SUL: R$ 18,00</p> <p>- REGIÃO SUDESTE: R$ 15,00</p> <p>- REGIÃO CENTRO-OESTE: R$ 20,00</p> <p>- REGIÃO NORDESTE: R$ 25,00</p> <p>- REGIÃO NORTE: R$ 28,00</p> <p> </p> <p>PRODUTO A PRONTA ENTREGA</p>","","","","","","","","","","","","","","","","","","","","","","","","","","","","","","","",""
"conjunto-banhado-a-rodio-negro-e-cristal-fusion-fucsia","CONJUNTO BANHADO A RÓDIO NEGRO E CRISTAL FUSION FUCSIA","https://lobitypi.sirv.com/store_images/redentora/9992488-min.jpg","1","","","0","25","kg","deny","manual","draft","9992488","1","shopify","<p>O <strong>CONJUNTO BANHADO A RÓDIO NEGRO E CRISTAL FUSION FUCSIA</strong> É UMA ÓTIMA OPÇÃO PARA MULHERES QUE AMAM ACESSÓRIOS. UMA PEÇA SUPER DELICADA E CHEIA DE CHARME. SUA COR É UM DIFERENCIAL, POIS PERMITE QUE VOCÊ COMBINE DE DIVERSAS FORMAS.</p> <p> </p> <p>BANHO: RÓDIO NEGRO</p> <p>TAMANHO: 45cm</p> <p>PEDRAS: CRISTAL FUSION FUCSIA</p> <p> </p> <p>TODAS AS NOSSAS PEÇAS SÃO HIPOALERGÊNICAS, 100% LIVRES DE NÍQUEL E CHUMBO EM SUA COMPOSIÇÃO.</p> <p> </p> <p>TODAS AS PEDRAS SÃO CRAVADAS MANUALMENTE.</p> <p> </p> <p>SÓ UM DETALHE: AS PEDRAS NATURAIS PODEM APRESENTAR INCLUSÕES E VARIAÇÕES DE CORES. TAIS CARACTERÍSTICAS AS TORNAM ÚNICAS E BELAS.</p> <p> </p> <p>OFERECEMOS GARANTIA DE 6 MESES PARA O BANHO.</p> <p> </p> <p>FRETE SIMPLIFICADO:</p> <p> </p> <p>- REGIÃO SUL: R$ 18,00</p> <p>- REGIÃO SUDESTE: R$ 15,00</p> <p>- REGIÃO CENTRO-OESTE: R$ 20,00</p> <p>- REGIÃO NORDESTE: R$ 25,00</p> <p>- REGIÃO NORTE: R$ 28,00</p> <p> </p> <p>PRODUTO A PRONTA ENTREGA</p>","","","","","","","","","","","","","","","","","","","","","","","","","","","","","","","",""
"conjunto-banhado-a-ouro-18k-com-tanzanita-azul-fusion","CONJUNTO BANHADO A OURO 18K COM TANZANITA AZUL FUSION","https://lobitypi.sirv.com/store_images/redentora/9992489-min.jpg","1","","","0","25","kg","deny","manual","draft","9992489","1","shopify","<p>O <strong>CONJUNTO BANHADO A OURO 18K COM TANZANITA AZUL FUSION</strong> É UMA ÓTIMA OPÇÃO PARA MULHERES QUE AMAM ACESSÓRIOS. UMA PEÇA SUPER DELICADA E CHEIA DE CHARME. SUA COR É UM DIFERENCIAL, POIS PERMITE QUE VOCÊ COMBINE DE DIVERSAS FORMAS.</p> <p> </p> <p>BANHO: OURO 18K</p> <p>TAMANHO: 45cm</p> <p>PEDRAS: TANZANITA AZUL FUSION</p> <p> </p> <p>TODAS AS NOSSAS PEÇAS SÃO HIPOALERGÊNICAS, 100% LIVRES DE NÍQUEL E CHUMBO EM SUA COMPOSIÇÃO.</p> <p> </p> <p>TODAS AS PEDRAS SÃO CRAVADAS MANUALMENTE.</p> <p> </p> <p>SÓ UM DETALHE: AS PEDRAS NATURAIS PODEM APRESENTAR INCLUSÕES E VARIAÇÕES DE CORES. TAIS CARACTERÍSTICAS AS TORNAM ÚNICAS E BELAS.</p> <p> </p> <p>OFERECEMOS GARANTIA DE 6 MESES PARA O BANHO.</p> <p> </p> <p>FRETE SIMPLIFICADO:</p> <p> </p> <p>- REGIÃO SUL: R$ 18,00</p> <p>- REGIÃO SUDESTE: R$ 15,00</p> <p>- REGIÃO CENTRO-OESTE: R$ 20,00</p> <p>- REGIÃO NORDESTE: R$ 25,00</p> <p>- REGIÃO NORTE: R$ 28,00</p> <p> </p> <p>PRODUTO A PRONTA ENTREGA</p>","","","","","","","","","","","","","","","","","","","","","","","","","","","","","","","",""
"conjunto-banhado-a-ouro-18k-com-zirconia","CONJUNTO BANHADO A OURO 18K COM ZIRCONIA","https://lobitypi.sirv.com/store_images/redentora/9992490-min.jpg","1","","","0","25","kg","deny","manual","draft","9992490","1","shopify","<p>O <strong>CONJUNTO BANHADO A OURO 18K COM ZIRCONIA</strong> É UMA ÓTIMA OPÇÃO PARA MULHERES QUE AMAM ACESSÓRIOS. UMA PEÇA SUPER DELICADA E CHEIA DE CHARME. SUA COR É UM DIFERENCIAL, POIS PERMITE QUE VOCÊ COMBINE DE DIVERSAS FORMAS.</p> <p> </p> <p>BANHO: OURO 18K</p> <p>TAMANHO: 45cm</p> <p>PEDRAS: ZIRCONIA</p> <p> </p> <p>TODAS AS NOSSAS PEÇAS SÃO HIPOALERGÊNICAS, 100% LIVRES DE NÍQUEL E CHUMBO EM SUA COMPOSIÇÃO.</p> <p> </p> <p>TODAS AS PEDRAS SÃO CRAVADAS MANUALMENTE.</p> <p> </p> <p>SÓ UM DETALHE: AS PEDRAS NATURAIS PODEM APRESENTAR INCLUSÕES E VARIAÇÕES DE CORES. TAIS CARACTERÍSTICAS AS TORNAM ÚNICAS E BELAS.</p> <p> </p> <p>OFERECEMOS GARANTIA DE 6 MESES PARA O BANHO.</p> <p> </p> <p>FRETE SIMPLIFICADO:</p> <p> </p> <p>- REGIÃO SUL: R$ 18,00</p> <p>- REGIÃO SUDESTE: R$ 15,00</p> <p>- REGIÃO CENTRO-OESTE: R$ 20,00</p> <p>- REGIÃO NORDESTE: R$ 25,00</p> <p>- REGIÃO NORTE: R$ 28,00</p> <p> </p> <p>PRODUTO A PRONTA ENTREGA</p>","","","","","","","","","","","","","","","","","","","","","","","","","","","","","","","",""
"conjunto-banhado-a-ouro-18k-com-mix-cristais-fusion","CONJUNTO BANHADO A OURO 18K COM MIX CRISTAIS FUSION","https://lobitypi.sirv.com/store_images/redentora/9992491-min.jpg","1","","","0","25","kg","deny","manual","draft","9992491","1","shopify","<p>O <strong>CONJUNTO BANHADO A OURO 18K COM MIX CRISTAIS FUSION</strong> É UMA ÓTIMA OPÇÃO PARA MULHERES QUE AMAM ACESSÓRIOS. UMA PEÇA SUPER DELICADA E CHEIA DE CHARME. SUA COR É UM DIFERENCIAL, POIS PERMITE QUE VOCÊ COMBINE DE DIVERSAS FORMAS.</p> <p> </p> <p>BANHO: OURO 18K</p> <p>TAMANHO: 45cm</p> <p>PEDRAS: MIX CRISTAIS FUSION</p> <p> </p> <p>TODAS AS NOSSAS PEÇAS SÃO HIPOALERGÊNICAS, 100% LIVRES DE NÍQUEL E CHUMBO EM SUA COMPOSIÇÃO.</p> <p> </p> <p>TODAS AS PEDRAS SÃO CRAVADAS MANUALMENTE.</p> <p> </p> <p>SÓ UM DETALHE: AS PEDRAS NATURAIS PODEM APRESENTAR INCLUSÕES E VARIAÇÕES DE CORES. TAIS CARACTERÍSTICAS AS TORNAM ÚNICAS E BELAS.</p> <p> </p> <p>OFERECEMOS GARANTIA DE 6 MESES PARA O BANHO.</p> <p> </p> <p>FRETE SIMPLIFICADO:</p> <p> </p> <p>- REGIÃO SUL: R$ 18,00</p> <p>- REGIÃO SUDESTE: R$ 15,00</p> <p>- REGIÃO CENTRO-OESTE: R$ 20,00</p> <p>- REGIÃO NORDESTE: R$ 25,00</p> <p>- REGIÃO NORTE: R$ 28,00</p> <p> </p> <p>PRODUTO A PRONTA ENTREGA</p>","","","","","","","","","","","","","","","","","","","","","","","","","","","","","","","",""
"conjunto-banhado-a-rodio-negro-com-pedra-onix","CONJUNTO BANHADO A RÓDIO NEGRO COM PEDRA ONIX","https://lobitypi.sirv.com/store_images/redentora/9992500-min.jpg","1","","","0","25000","kg","deny","manual","draft","9992500","1","shopify","<div class=""productDescription""> <p>O <strong>CONJUNTO BANHADO A RÓDIO NEGRO COM PEDRA ONIX</strong> É UMA ÓTIMA OPÇÃO PARA MULHERES QUE AMAM ACESSÓRIOS. UMA PEÇA SUPER DELICADA E CHEIA DE CHARME. SUA COR É UM DIFERENCIAL, POIS PERMITE QUE VOCÊ COMBINE DE DIVERSAS FORMAS.</p> <p> </p> <p>BANHO: RÓDIO NEGRO</p> <p>TAMANHO: 45cm</p> <p>PEDRAS: ONIX</p> <p> </p> <p>TODAS AS NOSSAS PEÇAS SÃO HIPOALERGÊNICAS, 100% LIVRES DE NÍQUEL E CHUMBO EM SUA COMPOSIÇÃO.</p> <p> </p> <p>TODAS AS PEDRAS SÃO CRAVADAS MANUALMENTE.</p> <p> </p> <p>SÓ UM DETALHE: AS PEDRAS NATURAIS PODEM APRESENTAR INCLUSÕES E VARIAÇÕES DE CORES. TAIS CARACTERÍSTICAS AS TORNAM ÚNICAS E BELAS.</p> <p> </p> <p>OFERECEMOS GARANTIA DE 6 MESES PARA O BANHO.</p> <p> </p> <p>FRETE SIMPLIFICADO:</p> <p> </p> <p>- REGIÃO SUL: R$ 18,00</p> <p>- REGIÃO SUDESTE: R$ 15,00</p> <p>- REGIÃO CENTRO-OESTE: R$ 20,00</p> <p>- REGIÃO NORDESTE: R$ 25,00</p> <p>- REGIÃO NORTE: R$ 28,00</p> <p> </p> <p>PRODUTO A PRONTA ENTREGA</p> </div>","","","","","","","","","","","","","","","","","","","","","","","","","","","","","","","",""
"conjunto-banhado-a-ouro-18k-com-esmeralda-fusion","CONJUNTO BANHADO A OURO 18K COM ESMERALDA FUSION","https://lobitypi.sirv.com/store_images/redentora/9992501-min.jpg","1","","","0","25","kg","deny","manual","draft","9992501","1","shopify","<p>O <strong>CONJUNTO BANHADO A OURO 18K COM ESMERALDA FUSION</strong> É UMA ÓTIMA OPÇÃO PARA MULHERES QUE AMAM ACESSÓRIOS. UMA PEÇA SUPER DELICADA E CHEIA DE CHARME. SUA COR É UM DIFERENCIAL, POIS PERMITE QUE VOCÊ COMBINE DE DIVERSAS FORMAS.</p> <p> </p> <p>BANHO: OURO 18K</p> <p>TAMANHO: 45cm</p> <p>PEDRAS: ESMERALDA FUSION</p> <p> </p> <p>TODAS AS NOSSAS PEÇAS SÃO HIPOALERGÊNICAS, 100% LIVRES DE NÍQUEL E CHUMBO EM SUA COMPOSIÇÃO.</p> <p> </p> <p>TODAS AS PEDRAS SÃO CRAVADAS MANUALMENTE.</p> <p> </p> <p>SÓ UM DETALHE: AS PEDRAS NATURAIS PODEM APRESENTAR INCLUSÕES E VARIAÇÕES DE CORES. TAIS CARACTERÍSTICAS AS TORNAM ÚNICAS E BELAS.</p> <p> </p> <p>OFERECEMOS GARANTIA DE 6 MESES PARA O BANHO.</p> <p> </p> <p>FRETE SIMPLIFICADO:</p> <p> </p> <p>- REGIÃO SUL: R$ 18,00</p> <p>- REGIÃO SUDESTE: R$ 15,00</p> <p>- REGIÃO CENTRO-OESTE: R$ 20,00</p> <p>- REGIÃO NORDESTE: R$ 25,00</p> <p>- REGIÃO NORTE: R$ 28,00</p> <p> </p> <p>PRODUTO A PRONTA ENTREGA</p>","","","","","","","","","","","","","","","","","","","","","","","","","","","","","","","",""
"conjunto-banhado-a-ouro-18k-com-cristal-fusion-greenery","CONJUNTO BANHADO A OURO 18K COM CRISTAL FUSION GREENERY","https://lobitypi.sirv.com/store_images/redentora/9992502-min.jpg","1","","","0","25","kg","deny","manual","draft","9992502","1","shopify","<p>O <strong>CONJUNTO BANHADO A OURO 18K COM CRISTAL FUSION GREENERY</strong> É UMA ÓTIMA OPÇÃO PARA MULHERES QUE AMAM ACESSÓRIOS. UMA PEÇA SUPER DELICADA E CHEIA DE CHARME. SUA COR É UM DIFERENCIAL, POIS PERMITE QUE VOCÊ COMBINE DE DIVERSAS FORMAS.</p> <p> </p> <p>BANHO: OURO 18K</p> <p>TAMANHO: 45cm</p> <p>PEDRAS: CRISTAL FUSION GREENERY</p> <p> </p> <p>TODAS AS NOSSAS PEÇAS SÃO HIPOALERGÊNICAS, 100% LIVRES DE NÍQUEL E CHUMBO EM SUA COMPOSIÇÃO.</p> <p> </p> <p>TODAS AS PEDRAS SÃO CRAVADAS MANUALMENTE.</p> <p> </p> <p>SÓ UM DETALHE: AS PEDRAS NATURAIS PODEM APRESENTAR INCLUSÕES E VARIAÇÕES DE CORES. TAIS CARACTERÍSTICAS AS TORNAM ÚNICAS E BELAS.</p> <p> </p> <p>OFERECEMOS GARANTIA DE 6 MESES PARA O BANHO.</p> <p> </p> <p>FRETE SIMPLIFICADO:</p> <p> </p> <p>- REGIÃO SUL: R$ 18,00</p> <p>- REGIÃO SUDESTE: R$ 15,00</p> <p>- REGIÃO CENTRO-OESTE: R$ 20,00</p> <p>- REGIÃO NORDESTE: R$ 25,00</p> <p>- REGIÃO NORTE: R$ 28,00</p> <p> </p> <p>PRODUTO A PRONTA ENTREGA</p>","","","","","","","","","","","","","","","","","","","","","","","","","","","","","","","",""
"conjunto-banhado-a-ouro-18k-com-perola-barroca","CONJUNTO BANHADO A OURO 18K COM PÉROLA BARROCA","https://lobitypi.sirv.com/store_images/redentora/9992503-min.jpg","1","","","0","25","kg","deny","manual","draft","9992503","1","shopify","<p>O <strong>CONJUNTO BANHADO A OURO 18K COM PÉROLA BARROCA</strong> É UMA ÓTIMA OPÇÃO PARA MULHERES QUE AMAM ACESSÓRIOS. UMA PEÇA SUPER DELICADA E CHEIA DE CHARME. SUA COR É UM DIFERENCIAL, POIS PERMITE QUE VOCÊ COMBINE DE DIVERSAS FORMAS.</p> <p> </p> <p>BANHO: OURO 18K</p> <p>TAMANHO: 45cm</p> <p>PEDRAS: PÉROLA BARROCA</p> <p> </p> <p>TODAS AS NOSSAS PEÇAS SÃO HIPOALERGÊNICAS, 100% LIVRES DE NÍQUEL E CHUMBO EM SUA COMPOSIÇÃO.</p> <p> </p> <p>TODAS AS PEDRAS SÃO CRAVADAS MANUALMENTE.</p> <p> </p> <p>SÓ UM DETALHE: AS PEDRAS NATURAIS PODEM APRESENTAR INCLUSÕES E VARIAÇÕES DE CORES. TAIS CARACTERÍSTICAS AS TORNAM ÚNICAS E BELAS.</p> <p> </p> <p>OFERECEMOS GARANTIA DE 6 MESES PARA O BANHO.</p> <p> </p> <p>FRETE SIMPLIFICADO:</p> <p> </p> <p>- REGIÃO SUL: R$ 18,00</p> <p>- REGIÃO SUDESTE: R$ 15,00</p> <p>- REGIÃO CENTRO-OESTE: R$ 20,00</p> <p>- REGIÃO NORDESTE: R$ 25,00</p> <p>- REGIÃO NORTE: R$ 28,00</p> <p> </p> <p>PRODUTO A PRONTA ENTREGA</p>","","","","","","","","","","","","","","","","","","","","","","","","","","","","","","","",""
"conjunto-banhado-a-rodio-negro-com-pedra-onix-2","CONJUNTO BANHADO A RÓDIO NEGRO COM PEDRA ONIX","https://lobitypi.sirv.com/store_images/redentora/9992504-min.jpg","1","","","0","25","kg","deny","manual","draft","9992504","1","shopify","<p>O <strong>CONJUNTO BANHADO A RÓDIO NEGRO COM PEDRA ONIX</strong> É UMA ÓTIMA OPÇÃO PARA MULHERES QUE AMAM ACESSÓRIOS. UMA PEÇA SUPER DELICADA E CHEIA DE CHARME. SUA COR É UM DIFERENCIAL, POIS PERMITE QUE VOCÊ COMBINE DE DIVERSAS FORMAS.</p> <p> </p> <p>BANHO: RÓDIO NEGRO</p> <p>TAMANHO: 45cm</p> <p>PEDRAS: ONIX</p> <p> </p> <p>TODAS AS NOSSAS PEÇAS SÃO HIPOALERGÊNICAS, 100% LIVRES DE NÍQUEL E CHUMBO EM SUA COMPOSIÇÃO.</p> <p> </p> <p>TODAS AS PEDRAS SÃO CRAVADAS MANUALMENTE.</p> <p> </p> <p>SÓ UM DETALHE: AS PEDRAS NATURAIS PODEM APRESENTAR INCLUSÕES E VARIAÇÕES DE CORES. TAIS CARACTERÍSTICAS AS TORNAM ÚNICAS E BELAS.</p> <p> </p> <p>OFERECEMOS GARANTIA DE 6 MESES PARA O BANHO.</p> <p> </p> <p>FRETE SIMPLIFICADO:</p> <p> </p> <p>- REGIÃO SUL: R$ 18,00</p> <p>- REGIÃO SUDESTE: R$ 15,00</p> <p>- REGIÃO CENTRO-OESTE: R$ 20,00</p> <p>- REGIÃO NORDESTE: R$ 25,00</p> <p>- REGIÃO NORTE: R$ 28,00</p> <p> </p> <p>PRODUTO A PRONTA ENTREGA</p>","","","","","","","","","","","","","","","","","","","","","","","","","","","","","","","",""
"brinco-banhado-a-ouro-18k-com-cristal-blue-light","BRINCO BANHADO A OURO 18K COM CRISTAL BLUE LIGHT","https://lobitypi.sirv.com/store_images/redentora/9993884A-min.jpg","1","","","777.77","25","kg","deny","manual","draft","9993884A","-6","shopify","<p>O <strong>BRINCO BANHADO A OURO 18K COM CRISTAL BLUE LIGHT</strong> É UMA ÓTIMA OPÇÃO PARA MULHERES QUE AMAM ACESSÓRIOS. UMA PEÇA SUPER DELICADA E CHEIA DE CHARME. SUA COR É UM DIFERENCIAL, POIS PERMITE QUE VOCÊ COMBINE DE DIVERSAS FORMAS.</p> <p> </p> <p>BANHO: OURO 18K</p> <p>TAMANHO: 2cm</p> <p>PEDRAS: CRISTAL BLUE LIGHT</p> <p>FORMATO: GOTA</p> <p> </p> <p>TODAS AS NOSSAS PEÇAS SÃO HIPOALERGÊNICAS, 100% LIVRES DE NÍQUEL E CHUMBO EM SUA COMPOSIÇÃO.</p> <p> </p> <p>TODAS AS PEDRAS SÃO CRAVADAS MANUALMENTE.</p> <p> </p> <p>SÓ UM DETALHE: AS PEDRAS NATURAIS PODEM APRESENTAR INCLUSÕES E VARIAÇÕES DE CORES. TAIS CARACTERÍSTICAS AS TORNAM ÚNICAS E BELAS.</p> <p> </p> <p>OFERECEMOS GARANTIA DE 6 MESES PARA O BANHO.</p> <p> </p> <p>FRETE SIMPLIFICADO:</p> <p> </p> <p>- REGIÃO SUL: R$ 18,00</p> <p>- REGIÃO SUDESTE: R$ 15,00</p> <p>- REGIÃO CENTRO-OESTE: R$ 20,00</p> <p>- REGIÃO NORDESTE: R$ 25,00</p> <p>- REGIÃO NORTE: R$ 28,00</p> <p> </p> <p>PRODUTO A PRONTA ENTREGA</p>","","","","","","","","","","","","","","","","","","","","","","","","","","","","","","","",""
"brinco-banhado-a-ouro-18k-com-turmalina-tangerina","BRINCO BANHADO A OURO 18K COM TURMALINA TANGERINA","https://lobitypi.sirv.com/store_images/redentora/9993884T-min.jpg","1","","","0","25","kg","deny","manual","draft","9993884T","1","shopify","<p>O <strong>BRINCO BANHADO A OURO 18K COM TURMALINA TANGERINA</strong> É UMA ÓTIMA OPÇÃO PARA MULHERES QUE AMAM ACESSÓRIOS. UMA PEÇA SUPER DELICADA E CHEIA DE CHARME. SUA COR É UM DIFERENCIAL, POIS PERMITE QUE VOCÊ COMBINE DE DIVERSAS FORMAS.</p> <p> </p> <p>BANHO: OURO 18K</p> <p>TAMANHO: 2cm</p> <p>PEDRAS: TURMALINA TANGERINA</p> <p>FORMATO: GOTA COM PEDRA</p> <p> </p> <p>TODAS AS NOSSAS PEÇAS SÃO HIPOALERGÊNICAS, 100% LIVRES DE NÍQUEL E CHUMBO EM SUA COMPOSIÇÃO.</p> <p> </p> <p>TODAS AS PEDRAS SÃO CRAVADAS MANUALMENTE.</p> <p> </p> <p>SÓ UM DETALHE: AS PEDRAS NATURAIS PODEM APRESENTAR INCLUSÕES E VARIAÇÕES DE CORES. TAIS CARACTERÍSTICAS AS TORNAM ÚNICAS E BELAS.</p> <p> </p> <p>OFERECEMOS GARANTIA DE 6 MESES PARA O BANHO.</p> <p> </p> <p>FRETE SIMPLIFICADO:</p> <p> </p> <p>- REGIÃO SUL: R$ 18,00</p> <p>- REGIÃO SUDESTE: R$ 15,00</p> <p>- REGIÃO CENTRO-OESTE: R$ 20,00</p> <p>- REGIÃO NORDESTE: R$ 25,00</p> <p>- REGIÃO NORTE: R$ 28,00</p> <p> </p> <p>PRODUTO A PRONTA ENTREGA</p>","","","","","","","","","","","","","","","","","","","","","","","","","","","","","","","",""
"brinco-banhado-a-ouro-18k-com-turmalina-verde","BRINCO BANHADO A OURO 18K COM TURMALINA VERDE","https://lobitypi.sirv.com/store_images/redentora/9993884V-min.jpg","1","","","777.77","25","kg","deny","manual","draft","9993884V","-3","shopify","<p>O <strong>BRINCO BANHADO A OURO 18K COM TURMALINA VERDE</strong> É UMA ÓTIMA OPÇÃO PARA MULHERES QUE AMAM ACESSÓRIOS. UMA PEÇA SUPER DELICADA E CHEIA DE CHARME. SUA COR É UM DIFERENCIAL, POIS PERMITE QUE VOCÊ COMBINE DE DIVERSAS FORMAS.</p> <p> </p> <p>BANHO: OURO 18K</p> <p>TAMANHO: 2cm</p> <p>PEDRAS: TURMALINA VERDE</p> <p>FORMATO: GOTA COM PEDRA</p> <p> </p> <p>TODAS AS NOSSAS PEÇAS SÃO HIPOALERGÊNICAS, 100% LIVRES DE NÍQUEL E CHUMBO EM SUA COMPOSIÇÃO.</p> <p> </p> <p>TODAS AS PEDRAS SÃO CRAVADAS MANUALMENTE.</p> <p> </p> <p>SÓ UM DETALHE: AS PEDRAS NATURAIS PODEM APRESENTAR INCLUSÕES E VARIAÇÕES DE CORES. TAIS CARACTERÍSTICAS AS TORNAM ÚNICAS E BELAS.</p> <p> </p> <p>OFERECEMOS GARANTIA DE 6 MESES PARA O BANHO.</p> <p> </p> <p>FRETE SIMPLIFICADO:</p> <p> </p> <p>- REGIÃO SUL: R$ 18,00</p> <p>- REGIÃO SUDESTE: R$ 15,00</p> <p>- REGIÃO CENTRO-OESTE: R$ 20,00</p> <p>- REGIÃO NORDESTE: R$ 25,00</p> <p>- REGIÃO NORTE: R$ 28,00</p> <p> </p> <p>PRODUTO A PRONTA ENTREGA</p>","","","","","","","","","","","","","","","","","","","","","","","","","","","","","","","",""
"conjunto-banhado-a-ouro-18k-com-cristal-safira-e-perola","CONJUNTO BANHADO A OURO 18K COM CRISTAL SAFIRA E PÉROLA","https://lobitypi.sirv.com/store_images/redentora/9995821-min.jpg","1","","","0","25","kg","deny","manual","draft","9995821","2","shopify","<p>O <strong>CONJUNTO BANHADO A OURO 18K COM CRISTAL SAFIRA E PÉROLA</strong> É UMA ÓTIMA OPÇÃO PARA MULHERES QUE AMAM ACESSÓRIOS. UMA PEÇA SUPER DELICADA E CHEIA DE CHARME. SUA COR É UM DIFERENCIAL, POIS PERMITE QUE VOCÊ COMBINE DE DIVERSAS FORMAS.</p> <p> </p> <p>BANHO: OURO 18K</p> <p>TAMANHO: 45cm</p> <p>PEDRAS: CRISTAL SAFIRA E PÉROLA</p> <p> </p> <p>TODAS AS NOSSAS PEÇAS SÃO HIPOALERGÊNICAS, 100% LIVRES DE NÍQUEL E CHUMBO EM SUA COMPOSIÇÃO.</p> <p> </p> <p>TODAS AS PEDRAS SÃO CRAVADAS MANUALMENTE.</p> <p> </p> <p>SÓ UM DETALHE: AS PEDRAS NATURAIS PODEM APRESENTAR INCLUSÕES E VARIAÇÕES DE CORES. TAIS CARACTERÍSTICAS AS TORNAM ÚNICAS E BELAS.</p> <p> </p> <p>OFERECEMOS GARANTIA DE 6 MESES PARA O BANHO.</p> <p> </p> <p>FRETE SIMPLIFICADO:</p> <p> </p> <p>- REGIÃO SUL: R$ 18,00</p> <p>- REGIÃO SUDESTE: R$ 15,00</p> <p>- REGIÃO CENTRO-OESTE: R$ 20,00</p> <p>- REGIÃO NORDESTE: R$ 25,00</p> <p>- REGIÃO NORTE: R$ 28,00</p> <p> </p> <p>PRODUTO A PRONTA ENTREGA</p>","","","","","","","","","","","","","","","","","","","","","","","","","","","","","","","",""
"conjunto-banhado-a-ouro-18k-com-turmalina-azul-e-perola","CONJUNTO BANHADO A OURO 18K COM TURMALINA AZUL E PÉROLA","https://lobitypi.sirv.com/store_images/redentora/9995822-min.jpg","1","","","0","25","kg","deny","manual","draft","9995822","2","shopify","<p>O <strong>CONJUNTO BANHADO A OURO 18K COM TURMALINA AZUL E PÉROLA</strong> É UMA ÓTIMA OPÇÃO PARA MULHERES QUE AMAM ACESSÓRIOS. UMA PEÇA SUPER DELICADA E CHEIA DE CHARME. SUA COR É UM DIFERENCIAL, POIS PERMITE QUE VOCÊ COMBINE DE DIVERSAS FORMAS.</p> <p> </p> <p>BANHO: OURO 18K</p> <p>TAMANHO: 45cm</p> <p>PEDRAS: TURMALINA AZUL E PÉROLA</p> <p> </p> <p>TODAS AS NOSSAS PEÇAS SÃO HIPOALERGÊNICAS, 100% LIVRES DE NÍQUEL E CHUMBO EM SUA COMPOSIÇÃO.</p> <p> </p> <p>TODAS AS PEDRAS SÃO CRAVADAS MANUALMENTE.</p> <p> </p> <p>SÓ UM DETALHE: AS PEDRAS NATURAIS PODEM APRESENTAR INCLUSÕES E VARIAÇÕES DE CORES. TAIS CARACTERÍSTICAS AS TORNAM ÚNICAS E BELAS.</p> <p> </p> <p>OFERECEMOS GARANTIA DE 6 MESES PARA O BANHO.</p> <p> </p> <p>FRETE SIMPLIFICADO:</p> <p> </p> <p>- REGIÃO SUL: R$ 18,00</p> <p>- REGIÃO SUDESTE: R$ 15,00</p> <p>- REGIÃO CENTRO-OESTE: R$ 20,00</p> <p>- REGIÃO NORDESTE: R$ 25,00</p> <p>- REGIÃO NORTE: R$ 28,00</p> <p> </p> <p>PRODUTO A PRONTA ENTREGA</p>","","","","","","","","","","","","","","","","","","","","","","","","","","","","","","","",""
"chocker-banhado-a-ouro-18k-com-mix-de-cristais","CHOCKER BANHADO A OURO 18K COM MIX DE CRISTAIS","https://lobitypi.sirv.com/store_images/redentora/9996263-min.jpg","1","","","0","25","kg","deny","manual","draft","9996263","1","shopify","<p>O <strong>CHOCKER BANHADO A OURO 18K COM MIX DE CRISTAIS</strong> É UMA ÓTIMA OPÇÃO PARA MULHERES QUE AMAM ACESSÓRIOS. UMA PEÇA SUPER DELICADA E CHEIA DE CHARME. SUA COR É UM DIFERENCIAL, POIS PERMITE QUE VOCÊ COMBINE DE DIVERSAS FORMAS.</p> <p> </p> <p>BANHO: OURO 18K</p> <p>TAMANHO: 35cm</p> <p>PEDRAS: MIX DE CRISTAIS</p> <p> </p> <p>TODAS AS NOSSAS PEÇAS SÃO HIPOALERGÊNICAS, 100% LIVRES DE NÍQUEL E CHUMBO EM SUA COMPOSIÇÃO.</p> <p> </p> <p>TODAS AS PEDRAS SÃO CRAVADAS MANUALMENTE.</p> <p> </p> <p>SÓ UM DETALHE: AS PEDRAS NATURAIS PODEM APRESENTAR INCLUSÕES E VARIAÇÕES DE CORES. TAIS CARACTERÍSTICAS AS TORNAM ÚNICAS E BELAS.</p> <p> </p> <p>OFERECEMOS GARANTIA DE 6 MESES PARA O BANHO.</p> <p> </p> <p>FRETE SIMPLIFICADO:</p> <p> </p> <p>- REGIÃO SUL: R$ 18,00</p> <p>- REGIÃO SUDESTE: R$ 15,00</p> <p>- REGIÃO CENTRO-OESTE: R$ 20,00</p> <p>- REGIÃO NORDESTE: R$ 25,00</p> <p>- REGIÃO NORTE: R$ 28,00</p> <p> </p> <p>PRODUTO A PRONTA ENTREGA</p>","","","","","","","","","","","","","","","","","","","","","","","","","","","","","","","",""
"chocker-banhado-a-ouro-18k-com-zirconia-cruz","CHOCKER BANHADO A OURO 18K COM ZIRCONIA - CRUZ","https://lobitypi.sirv.com/store_images/redentora/9996336-min.jpg","1","","","0","25","kg","deny","manual","draft","9996336","2","shopify","<p>O <strong>CHOCKER BANHADO A OURO 18K COM ZIRCONIA - CRUZ</strong> É UMA ÓTIMA OPÇÃO PARA MULHERES QUE AMAM ACESSÓRIOS. UMA PEÇA SUPER DELICADA E CHEIA DE CHARME. SUA COR É UM DIFERENCIAL, POIS PERMITE QUE VOCÊ COMBINE DE DIVERSAS FORMAS.</p> <p> </p> <p>BANHO: OURO 18K</p> <p>TAMANHO: 35cm</p> <p>PEDRAS: ZIRCONIA - CRUZ</p> <p> </p> <p>TODAS AS NOSSAS PEÇAS SÃO HIPOALERGÊNICAS, 100% LIVRES DE NÍQUEL E CHUMBO EM SUA COMPOSIÇÃO.</p> <p> </p> <p>TODAS AS PEDRAS SÃO CRAVADAS MANUALMENTE.</p> <p> </p> <p>SÓ UM DETALHE: AS PEDRAS NATURAIS PODEM APRESENTAR INCLUSÕES E VARIAÇÕES DE CORES. TAIS CARACTERÍSTICAS AS TORNAM ÚNICAS E BELAS.</p> <p> </p> <p>OFERECEMOS GARANTIA DE 6 MESES PARA O BANHO.</p> <p> </p> <p>FRETE SIMPLIFICADO:</p> <p> </p> <p>- REGIÃO SUL: R$ 18,00</p> <p>- REGIÃO SUDESTE: R$ 15,00</p> <p>- REGIÃO CENTRO-OESTE: R$ 20,00</p> <p>- REGIÃO NORDESTE: R$ 25,00</p> <p>- REGIÃO NORTE: R$ 28,00</p> <p> </p> <p>PRODUTO A PRONTA ENTREGA</p>","","","","","","","","","","","","","","","","","","","","","","","","","","","","","","","",""
"brinco-banhado-a-ouro-18k-com-cristal-pink-light","BRINCO BANHADO A OURO 18K COM CRISTAL PINK LIGHT","https://lobitypi.sirv.com/store_images/redentora/9996355-min.jpg","1","","","0","25","kg","deny","manual","draft","9996355","2","shopify","<p>O <strong>BRINCO BANHADO A OURO 18K COM CRISTAL PINK LIGHT</strong> É UMA ÓTIMA OPÇÃO PARA MULHERES QUE AMAM ACESSÓRIOS. UMA PEÇA SUPER DELICADA E CHEIA DE CHARME. SUA COR É UM DIFERENCIAL, POIS PERMITE QUE VOCÊ COMBINE DE DIVERSAS FORMAS.</p> <p> </p> <p>BANHO: OURO 18K</p> <p>TAMANHO: 2cm</p> <p>PEDRAS: CRISTAL PINK LIGHT</p> <p>FORMATO: GOTA</p> <p> </p> <p>TODAS AS NOSSAS PEÇAS SÃO HIPOALERGÊNICAS, 100% LIVRES DE NÍQUEL E CHUMBO EM SUA COMPOSIÇÃO.</p> <p> </p> <p>TODAS AS PEDRAS SÃO CRAVADAS MANUALMENTE.</p> <p> </p> <p>SÓ UM DETALHE: AS PEDRAS NATURAIS PODEM APRESENTAR INCLUSÕES E VARIAÇÕES DE CORES. TAIS CARACTERÍSTICAS AS TORNAM ÚNICAS E BELAS.</p> <p> </p> <p>OFERECEMOS GARANTIA DE 6 MESES PARA O BANHO.</p> <p> </p> <p>FRETE SIMPLIFICADO:</p> <p> </p> <p>- REGIÃO SUL: R$ 18,00</p> <p>- REGIÃO SUDESTE: R$ 15,00</p> <p>- REGIÃO CENTRO-OESTE: R$ 20,00</p> <p>- REGIÃO NORDESTE: R$ 25,00</p> <p>- REGIÃO NORTE: R$ 28,00</p> <p> </p> <p>PRODUTO A PRONTA ENTREGA</p>","","","","","","","","","","","","","","","","","","","","","","","","","","","","","","","",""
"conjunto-banhado-a-ouro-18k-com-ametista","CONJUNTO BANHADO A OURO 18K COM AMETISTA","https://lobitypi.sirv.com/store_images/redentora/9996491-min.jpg","1","","","0","25","kg","deny","manual","draft","9996491","2","shopify","<p>O <strong>CONJUNTO BANHADO A OURO 18K COM AMETISTA</strong> É UMA ÓTIMA OPÇÃO PARA MULHERES QUE AMAM ACESSÓRIOS. UMA PEÇA SUPER DELICADA E CHEIA DE CHARME. SUA COR É UM DIFERENCIAL, POIS PERMITE QUE VOCÊ COMBINE DE DIVERSAS FORMAS.</p> <p> </p> <p>BANHO: OURO 18K</p> <p>TAMANHO: 45cm</p> <p>PEDRAS: AMETISTA</p> <p> </p> <p>TODAS AS NOSSAS PEÇAS SÃO HIPOALERGÊNICAS, 100% LIVRES DE NÍQUEL E CHUMBO EM SUA COMPOSIÇÃO.</p> <p> </p> <p>TODAS AS PEDRAS SÃO CRAVADAS MANUALMENTE.</p> <p> </p> <p>SÓ UM DETALHE: AS PEDRAS NATURAIS PODEM APRESENTAR INCLUSÕES E VARIAÇÕES DE CORES. TAIS CARACTERÍSTICAS AS TORNAM ÚNICAS E BELAS.</p> <p> </p> <p>OFERECEMOS GARANTIA DE 6 MESES PARA O BANHO.</p> <p> </p> <p>FRETE SIMPLIFICADO:</p> <p> </p> <p>- REGIÃO SUL: R$ 18,00</p> <p>- REGIÃO SUDESTE: R$ 15,00</p> <p>- REGIÃO CENTRO-OESTE: R$ 20,00</p> <p>- REGIÃO NORDESTE: R$ 25,00</p> <p>- REGIÃO NORTE: R$ 28,00</p> <p> </p> <p>PRODUTO A PRONTA ENTREGA</p>","","","","","","","","","","","","","","","","","","","","","","","","","","","","","","","",""
"colar-banhado-a-ouro-18k-com-cristal-safira-borboleta","COLAR BANHADO A OURO 18K COM CRISTAL SAFIRA - BORBOLETA","https://lobitypi.sirv.com/store_images/redentora/9996506-min.jpg","1","","","0","25","kg","deny","manual","draft","9996506","2","shopify","<p>O <strong>COLAR BANHADO A OURO 18K COM CRISTAL SAFIRA - BORBOLETA</strong> É UMA ÓTIMA OPÇÃO PARA MULHERES QUE AMAM ACESSÓRIOS. UMA PEÇA SUPER DELICADA E CHEIA DE CHARME. SUA COR É UM DIFERENCIAL, POIS PERMITE QUE VOCÊ COMBINE DE DIVERSAS FORMAS.</p> <p> </p> <p>BANHO: OURO 18K</p> <p>TAMANHO: 45cm</p> <p>PEDRAS: CRISTAL SAFIRA - BORBOLETA</p> <p> </p> <p>TODAS AS NOSSAS PEÇAS SÃO HIPOALERGÊNICAS, 100% LIVRES DE NÍQUEL E CHUMBO EM SUA COMPOSIÇÃO.</p> <p> </p> <p>TODAS AS PEDRAS SÃO CRAVADAS MANUALMENTE.</p> <p> </p> <p>SÓ UM DETALHE: AS PEDRAS NATURAIS PODEM APRESENTAR INCLUSÕES E VARIAÇÕES DE CORES. TAIS CARACTERÍSTICAS AS TORNAM ÚNICAS E BELAS.</p> <p> </p> <p>OFERECEMOS GARANTIA DE 6 MESES PARA O BANHO.</p> <p> </p> <p>FRETE SIMPLIFICADO:</p> <p> </p> <p>- REGIÃO SUL: R$ 18,00</p> <p>- REGIÃO SUDESTE: R$ 15,00</p> <p>- REGIÃO CENTRO-OESTE: R$ 20,00</p> <p>- REGIÃO NORDESTE: R$ 25,00</p> <p>- REGIÃO NORTE: R$ 28,00</p> <p> </p> <p>PRODUTO A PRONTA ENTREGA</p>","","","","","","","","","","","","","","","","","","","","","","","","","","","","","","","",""
"conjunto-banhado-a-ouro-18k-com-turmalina-azul-perola-e-zirconia","CONJUNTO BANHADO A OURO 18K C/ TURMALINA, PÉROLA E ZIRCONIA","https://lobitypi.sirv.com/store_images/redentora/9996513-min.jpg","1","","","0","25","kg","deny","manual","draft","9996513","2","shopify","<p>O <strong>CONJUNTO BANHADO A OURO 18K C/ TURMALINA, PÉROLA E ZIRCONIA</strong> É UMA ÓTIMA OPÇÃO PARA MULHERES QUE AMAM ACESSÓRIOS. UMA PEÇA SUPER DELICADA E CHEIA DE CHARME. SUA COR É UM DIFERENCIAL, POIS PERMITE QUE VOCÊ COMBINE DE DIVERSAS FORMAS.</p> <p> </p> <p>BANHO: OURO 18K</p> <p>TAMANHO: 45cm</p> <p>PEDRAS: TURMALINA, PÉROLA E ZIRCONIA</p> <p> </p> <p>TODAS AS NOSSAS PEÇAS SÃO HIPOALERGÊNICAS, 100% LIVRES DE NÍQUEL E CHUMBO EM SUA COMPOSIÇÃO.</p> <p> </p> <p>TODAS AS PEDRAS SÃO CRAVADAS MANUALMENTE.</p> <p> </p> <p>SÓ UM DETALHE: AS PEDRAS NATURAIS PODEM APRESENTAR INCLUSÕES E VARIAÇÕES DE CORES. TAIS CARACTERÍSTICAS AS TORNAM ÚNICAS E BELAS.</p> <p> </p> <p>OFERECEMOS GARANTIA DE 6 MESES PARA O BANHO.</p> <p> </p> <p>FRETE SIMPLIFICADO:</p> <p> </p> <p>- REGIÃO SUL: R$ 18,00</p> <p>- REGIÃO SUDESTE: R$ 15,00</p> <p>- REGIÃO CENTRO-OESTE: R$ 20,00</p> <p>- REGIÃO NORDESTE: R$ 25,00</p> <p>- REGIÃO NORTE: R$ 28,00</p> <p> </p> <p>PRODUTO A PRONTA ENTREGA</p>","","","","","","","","","","","","","","","","","","","","","","","","","","","","","","","",""
"colar-banhado-a-ouro-18k-com-mix-de-cristais-cruz","COLAR BANHADO A OURO 18K COM MIX DE CRISTAIS - CRUZ","https://lobitypi.sirv.com/store_images/redentora/9996545-min.jpg","1","","","0","25","kg","deny","manual","draft","9996545","2","shopify","<p>O <strong>COLAR BANHADO A OURO 18K COM MIX DE CRISTAIS - CRUZ</strong> É UMA ÓTIMA OPÇÃO PARA MULHERES QUE AMAM ACESSÓRIOS. UMA PEÇA SUPER DELICADA E CHEIA DE CHARME. SUA COR É UM DIFERENCIAL, POIS PERMITE QUE VOCÊ COMBINE DE DIVERSAS FORMAS.</p> <p> </p> <p>BANHO: OURO 18K</p> <p>TAMANHO: 45cm</p> <p>PEDRAS: MIX DE CRISTAIS - CRUZ</p> <p> </p> <p>TODAS AS NOSSAS PEÇAS SÃO HIPOALERGÊNICAS, 100% LIVRES DE NÍQUEL E CHUMBO EM SUA COMPOSIÇÃO.</p> <p> </p> <p>TODAS AS PEDRAS SÃO CRAVADAS MANUALMENTE.</p> <p> </p> <p>SÓ UM DETALHE: AS PEDRAS NATURAIS PODEM APRESENTAR INCLUSÕES E VARIAÇÕES DE CORES. TAIS CARACTERÍSTICAS AS TORNAM ÚNICAS E BELAS.</p> <p> </p> <p>OFERECEMOS GARANTIA DE 6 MESES PARA O BANHO.</p> <p> </p> <p>FRETE SIMPLIFICADO:</p> <p> </p> <p>- REGIÃO SUL: R$ 18,00</p> <p>- REGIÃO SUDESTE: R$ 15,00</p> <p>- REGIÃO CENTRO-OESTE: R$ 20,00</p> <p>- REGIÃO NORDESTE: R$ 25,00</p> <p>- REGIÃO NORTE: R$ 28,00</p> <p> </p> <p>PRODUTO A PRONTA ENTREGA</p>","","","","","","","","","","","","","","","","","","","","","","","","","","","","","","","",""
"colar-banhado-a-ouro-18k-com-cristal-pink-light-filha","COLAR BANHADO A OURO 18K COM CRISTAL PINK LIGHT - FILHA","https://lobitypi.sirv.com/store_images/redentora/9996557-min.jpg","1","","","0","25","kg","deny","manual","draft","9996557","1","shopify","<p>O <strong>COLAR BANHADO A OURO 18K COM CRISTAL PINK LIGHT - FILHA</strong> É UMA ÓTIMA OPÇÃO PARA MULHERES QUE AMAM ACESSÓRIOS. UMA PEÇA SUPER DELICADA E CHEIA DE CHARME. SUA COR É UM DIFERENCIAL, POIS PERMITE QUE VOCÊ COMBINE DE DIVERSAS FORMAS.</p> <p> </p> <p>BANHO: OURO 18K</p> <p>TAMANHO: 45cm</p> <p>PEDRAS: CRISTAL PINK LIGHT - FILHA</p> <p> </p> <p>TODAS AS NOSSAS PEÇAS SÃO HIPOALERGÊNICAS, 100% LIVRES DE NÍQUEL E CHUMBO EM SUA COMPOSIÇÃO.</p> <p> </p> <p>TODAS AS PEDRAS SÃO CRAVADAS MANUALMENTE.</p> <p> </p> <p>SÓ UM DETALHE: AS PEDRAS NATURAIS PODEM APRESENTAR INCLUSÕES E VARIAÇÕES DE CORES. TAIS CARACTERÍSTICAS AS TORNAM ÚNICAS E BELAS.</p> <p> </p> <p>OFERECEMOS GARANTIA DE 6 MESES PARA O BANHO.</p> <p> </p> <p>FRETE SIMPLIFICADO:</p> <p> </p> <p>- REGIÃO SUL: R$ 18,00</p> <p>- REGIÃO SUDESTE: R$ 15,00</p> <p>- REGIÃO CENTRO-OESTE: R$ 20,00</p> <p>- REGIÃO NORDESTE: R$ 25,00</p> <p>- REGIÃO NORTE: R$ 28,00</p> <p> </p> <p>PRODUTO A PRONTA ENTREGA</p>","","","","","","","","","","","","","","","","","","","","","","","","","","","","","","","",""
"conjunto-banhado-a-ouro-18k-com-cristall-greennery","CONJUNTO BANHADO A OURO 18K COM CRISTALL GREENNERY","https://lobitypi.sirv.com/store_images/redentora/9996561-min.jpg","1","","","0","25","kg","deny","manual","draft","9996561","2","shopify","<p>O <strong>CONJUNTO BANHADO A OURO 18K COM CRISTALL GREENNERY</strong> É UMA ÓTIMA OPÇÃO PARA MULHERES QUE AMAM ACESSÓRIOS. UMA PEÇA SUPER DELICADA E CHEIA DE CHARME. SUA COR É UM DIFERENCIAL, POIS PERMITE QUE VOCÊ COMBINE DE DIVERSAS FORMAS.</p> <p> </p> <p>BANHO: OURO 18K</p> <p>TAMANHO: 45cm</p> <p>PEDRAS: CRISTALL GREENNERY</p> <p> </p> <p>TODAS AS NOSSAS PEÇAS SÃO HIPOALERGÊNICAS, 100% LIVRES DE NÍQUEL E CHUMBO EM SUA COMPOSIÇÃO.</p> <p> </p> <p>TODAS AS PEDRAS SÃO CRAVADAS MANUALMENTE.</p> <p> </p> <p>SÓ UM DETALHE: AS PEDRAS NATURAIS PODEM APRESENTAR INCLUSÕES E VARIAÇÕES DE CORES. TAIS CARACTERÍSTICAS AS TORNAM ÚNICAS E BELAS.</p> <p> </p> <p>OFERECEMOS GARANTIA DE 6 MESES PARA O BANHO.</p> <p> </p> <p>FRETE SIMPLIFICADO:</p> <p> </p> <p>- REGIÃO SUL: R$ 18,00</p> <p>- REGIÃO SUDESTE: R$ 15,00</p> <p>- REGIÃO CENTRO-OESTE: R$ 20,00</p> <p>- REGIÃO NORDESTE: R$ 25,00</p> <p>- REGIÃO NORTE: R$ 28,00</p> <p> </p> <p>PRODUTO A PRONTA ENTREGA</p>","","","","","","","","","","","","","","","","","","","","","","","","","","","","","","","",""
